<!DOCTYPE mapper PUBLIC "-//mybatis.org//DTD Mapper 3.0//EN" 
"http://mybatis.org/dtd/mybatis-3-mapper.dtd">

<mapper namespace="pe.com.belcorp.mapper.ProductoMapper">

	<resultMap type="pe.com.belcorp.bean.ProductoBE" id="ProductoResult">
		<id property="id" 					column="id" />
		<result property="codigoPais" 		column="codigo_pais" />				
		<result property="codigo" 			column="codigo" />
		<result property="descripcion" 		column="descripcion" />
		<result property="codigoTipoUnidad" column="codigo_tipo_unidad" />
		<result property="capacidad" 		column="capacidad" />
		<result property="estado" 			column="estado" />
		<result property="fechaCreacion" 	column="fecha_creacion" />	
									
	</resultMap>
	
	
	<select id="listar"  resultMap="ProductoResult" statementType="CALLABLE">		
		SELECT 
			pr.id,
		    pr.codigo_pais,
		    pr.codigo,
		    pr.descripcion,
		    pr.codigo_tipo_unidad,
		    pr.capacidad,
		    pr.estado,
		    pr.fecha_creacion
		FROM producto pr;
	</select>
	
	<select id="obtenerPorId" parameterType="int" resultMap="ProductoResult" statementType="CALLABLE">
		SELECT 
			pr.id,
		    pr.codigo_pais,
		    pr.codigo,
		    pr.descripcion,
		    pr.codigo_tipo_unidad,
		    pr.capacidad,
		    pr.estado,
		    pr.fecha_creacion
		FROM producto pr
		WHERE pr.id = #{id};	
	</select>

	<insert id="guardar" parameterType="ProductoBE" useGeneratedKeys='true' keyProperty='id'>
		INSERT INTO producto(
			codigo_pais,
			codigo,
			descripcion,
			codigo_tipo_unidad,
			capacidad,
			estado,
			fecha_creacion)
		VALUES(
			#{codidoPais},
			#{codigo},
			#{descripcion},
			#{codigoTipoUnidad},
			#{capacidad},
			#{estado},
			now());			
	
	</insert>
	
	<update id="actualizar" parameterType="ProductoBE" statementType="CALLABLE">		
		UPDATE producto
		SET
			codigo_pais = #{codigoPais},
			codigo = #{codigo},
			descripcion = #{descripcion},
			codigo_tipo_unidad = #{codigoTipoUnidad},
			capacidad = #{capacidad},
			estado = #{estado},
		WHERE id = #{id};

	</update>

	<delete id="eliminar" parameterType="int" statementType="CALLABLE">		
		DELETE FROM producto
		WHERE id = #{id};
	</delete>
	
	
	

</mapper>
